user_id,latitude,longitude
0280088d,52.55257478574303,13.443112653090516
0280088d,52.55295831996743,13.442784015278116
a6468bc1,52.457976893585474,12.843970370963142
0280088d,52.55279590199793,13.441865778202416
49b2ce0a,52.48685496195008,13.551305012691355
99018b6d,52.544467377759794,13.200257578398993
499d7802,52.436790858888344,13.213847283778646
b70967ce,52.47876962799823,13.317458507050361
b70967ce,52.464736310432336,13.040107449893261
3e163089,52.501922322914,13.402107502274482
0280088d,52.55239293761673,13.442677320835816
4c57ff0e,52.52636330797282,13.175574356631753
36102eb2,52.65125273635966,13.547642450313697
36102eb2,52.651327069942255,13.548253085599598
36102eb2,52.651153816051355,13.547811829697098
f9378511,52.36281409763685,13.007178361250439
332b8960,52.460962684886276,13.614457393647461
cdf9185b,52.487815627330306,13.433517478106506
cdf9185b,52.53597120033551,13.256906269845405
0280088d,52.553130897120234,13.442564790091616
b06318cd,52.53136642908592,13.355427320460535
6f85b4c8,52.411374934848986,13.182339393880248
51844b42,52.67580951000382,13.18131570821071
9ce7fefd,52.69648754959966,13.59188549479086
8931c920,52.49119556029598,13.46747529015284
e69ae34f,52.63019482605701,13.34536966149745
36102eb2,52.65118845062435,13.547859048197697
8161f692,52.58634877764634,13.301709733448863
ad1d9df3,52.561598131042054,13.454466906875636
bef57b3a,52.45471137357587,13.536353762866222
150fde18,52.545826756744255,13.424637410817228
f9378511,52.37717557506155,13.049563544353338
0529ee35,52.505925925108144,13.366692068975675
f9378511,52.376241954478445,13.052529516721838
0ebed718,52.53052854010016,13.463530052643886
95ed80d7,52.43555804936819,13.536034887026359
ad1d9df3,52.46008825449276,13.446572495192536
a9fdd8ab,52.45778281979014,13.30025061139602
b9d3c2a3,52.48266421924722,13.356250954029285
da567a5f,52.59308428954446,13.253472540579484
2e9203f6,52.47531267026373,13.440574102738777
fa7ab8d6,52.50068864446277,13.450748015223907
b9d3c2a3,52.53835359750152,13.407506852133386
88444bb6,52.53942889643307,13.044551741319049
a0a585b0,52.590506692324496,13.127689839774716
4e1edad2,52.54233710271063,12.990420792657424
89099c84,52.57420591048893,13.562830075197976
594aa2b7,52.35046238736344,13.373066204859176
36ae8537,52.5294311663755,13.460412558747558
bef57b3a,52.45477638189057,13.536449267269722
1dc4b9d4,52.441450163934,13.175492502650501
effdfcff,52.441902175325694,13.277140070583656
ee2a003e,52.54268905638533,13.484392750800332
f9378511,52.37300040661065,13.061492896026738
fa7ab8d6,52.50043907329587,13.451147832005107
9a900258,52.55928810662385,13.41666587613569
ee2a003e,52.54366155292633,13.483502617260532
da567a5f,52.59307584311716,13.253369786132584
4adf8946,52.50817199723256,13.45836323387577
d53f8ce6,52.426053220132786,13.584480600865845
cfa485f7,52.49072974534074,13.373702440902704
d14d1a8e,52.489436807840775,13.426369298689513
567c0949,52.50435036516199,13.49458281132307
fc154e0e,52.50075906876803,13.298905204191861
30e34be5,52.541677610355165,13.418764527701347
36ae8537,52.51739098156471,13.459414776994059
858f3b03,52.53841504112857,13.368417596359793
e2a554fa,52.51549082176555,13.40784597321964
bf9be0a0,52.53114903502472,13.3857297890138
44039c33,52.52661813524636,13.167253918734625
9649090e,52.57753082908466,13.442207999945495
713d2fb2,52.51460535486431,13.405979494972486
98a88b16,52.53656476673333,13.490578249291332
e7d0c165,52.48365258791082,13.409459184839985
861ac7d4,52.52336312861178,13.430359521074203
676eba29,52.46489337051515,13.141052909992057
eab4ce79,52.5676056884249,13.471075315390536
7835d7f4,52.521501677894115,13.401974881774892
5b7d79b4,52.32482089706077,13.249723115362558
6c7178cd,52.59343496566069,13.893750294862102
013f3b5f,52.40173266154065,13.007042677071597
cfa485f7,52.54077989128724,13.418861117705804
606eb9d1,52.350667581179685,12.957170949312506
0ab0a46d,52.485179089992805,13.502661868223026
9649090e,52.57770211327596,13.442272205323794
fc2fd2b9,52.47461558101481,13.39849236800127
36102eb2,52.651286483297554,13.547941778316398
eab4ce79,52.4889859809541,13.585639953502938
89099c84,52.53828898478992,13.355888173815575
264f3f2c,52.56206680597249,13.36922088780331
84e84712,52.521019367489025,13.426121037607333
4adf8946,52.50813326995426,13.459565961358372
a14cbc9c,52.522309991370655,13.23992672346041
eab4ce79,52.60821985911179,13.890102852728537
95429e86,52.58817554132476,13.393975652735497
619db71d,52.4752349086987,13.877445042307688
7f842959,52.52537148437132,13.532147540959144
f2d56b47,52.518315580525005,13.42123749114382
7f842959,52.528091776347324,13.531444941789145
95429e86,52.542811013537666,13.420493710506097
95429e86,52.53989522804236,13.416222862744696
7d302820,52.50480894859195,13.286467341524375
d821aaca,52.53351842658194,13.384891836164917
d821aaca,52.538368572942645,13.413178077159817
d821aaca,52.53456344035985,13.375030191807417
cc71cb67,52.52420578895475,13.20023096391698
f538d326,52.51101443483297,13.327968197152929
95429e86,52.65983029589276,13.511300319822396
3784e041,52.53766681987789,13.812369513555536
1a5e4815,52.535785068125826,13.566282012817046
e7ed3b55,52.483695327131485,13.251881625033848
e7ed3b55,52.494146135462884,13.250467681787848
f5e672c3,52.530462436357894,13.434863627697842
619db71d,52.4769415930531,13.876957976400886
90cbe894,52.48999563540292,13.44018812765363
f5e672c3,52.529990223100796,13.435160629168342
eb780089,52.490107354380925,13.294121577731286
42bc116c,52.520631112554646,13.336461650465006
73751cdf,52.274901141730666,13.630032292010238
e7ed3b55,52.491469458503985,13.257536476008548
4f52be28,52.46158133334282,13.553075052288872
f5e672c3,52.52981057206279,13.435288637059243
f538d326,52.51060099745897,13.328192077786628
4fae0255,52.512122321924174,13.426127298133705
4fae0255,52.526509531108076,13.638134745655506
8312e75b,52.673856966918635,13.550480307369746
c4861d39,52.34809187184867,13.113206396659663
b29763e8,52.4046737664978,13.024510933243882
e7ed3b55,52.491791072128684,13.25718988431245
c4861d39,52.34825169512628,13.113174741533163
dd778478,52.45660427118369,13.274123281018035
3e882c7e,52.53945401395856,13.396936513389864
1fccbef4,52.49094142083784,13.400553214900697
579a4445,52.4685016164304,13.504432328101633
314996e5,52.47818203714069,13.355186450956188
24ad3e9a,52.456673826768785,13.145297707593341
f538d326,52.51073732911408,13.328156789974228
15b20653,52.68266480399195,13.511104130801867
e7ed3b55,52.49194353894739,13.256935828827249
9a8c0e4c,52.75475878137359,13.490438685485362
15b20653,52.68179585209015,13.511239582357167
7668122a,52.32722596327775,13.515838142056941
17df59f4,52.477263804737035,13.550339344315972
0af84de4,52.37138558865552,13.299101599675087
b5bc9ee2,52.46213805448349,13.313475802068442
f60558d0,52.38967796719871,13.052412318258265
46e34d44,52.55888652875618,13.440442871208107
3e882c7e,52.539495461108366,13.396762355723563
de300db6,52.428740824260935,13.346742089957454
86b50bde,52.641735600897725,13.308817747430224
341a0b67,52.76821108429085,13.233384536455068
86b50bde,52.59317078914783,13.412980423540523
ec1bcbeb,52.4494037257964,13.193969039136308
e7ed3b55,52.492170604704285,13.256878245152448
3892adb9,52.45848196442349,13.7491089565711
28f3c262,52.431039792745835,13.362458410778858
11e01115,52.50809114063888,13.468791470093377
e7ed3b55,52.49239272513839,13.256362003736148
976d6514,52.26740277770012,13.51665790650032
f60558d0,52.39079735564061,13.053862704386164
f4577c63,52.585906654849836,13.452420448997675
86b50bde,52.398852980314125,13.399210082768823
9cd8e5ba,52.51414167989848,13.442206228291727
0d74e128,52.62576414553805,13.513557633653486
38d73d01,52.47273373118681,13.4640078768513
52237ae3,52.467621893406495,13.35824392537301
f5e672c3,52.530382205333396,13.434600379879242
02ed9f07,52.72641742611534,13.573199000191972
11e01115,52.45761290824798,13.604596045174977
0cac975f,52.49203523297024,13.396485785183305
91274ae2,52.49633575507145,13.473042965756854
95429e86,52.54328214363256,13.420360811134497
82cddc82,52.50954953740135,13.414074605542414
d28aac0e,52.45469945665334,13.439140471767448
0bd2df23,52.30113582899388,13.611791675706366
d6efc07f,52.436278225674336,13.308010045007851
fc4581c9,52.54797103494525,13.596786479298542
68e44aef,52.69424534679967,13.579340831853958
d45ae900,52.538874131454016,13.471277588236507
88bf3ba1,52.45727779708682,13.505493107526517
b5bc9ee2,52.444694548240584,13.298267467608143
91274ae2,52.481365625354854,13.495084810034154
300834e7,52.594558395000604,13.427807366107524
24ad3e9a,52.45661850620789,13.14545956214364
d6d48238,52.511735899439216,13.431111944675166
82cddc82,52.50952855573175,13.414793747973313
4a6fae38,52.42838431646982,13.772367058514067
d32d3259,52.420679764116535,12.995060139313333
3892adb9,52.45891996077369,13.7492671230839
c3f77a46,52.54224438916847,13.312084734949503
7ad83ed2,52.235336093099356,13.701583002263565
7ad83ed2,52.23537041699286,13.701715603971664
b10fbb36,52.57338006806035,13.310269054046865
9b8194b0,52.649912365650884,13.157568686521765
c55e179c,52.547583061631805,13.446473448979866
26461130,52.68916866186725,13.178162055553777
1c12432c,52.3674698731739,13.54516674159251
1c12432c,52.3675659138978,13.54562768009631
3d003378,52.340712675258544,13.395821324583892
3f8256c8,52.29765151496115,13.601461887714434
7db86300,52.3341366165772,12.969485137473155
c57a2627,52.5697042291238,13.404839531574998
645384d9,52.55825800693365,13.402046932989258
645384d9,52.55832045211225,13.402927032822257
645384d9,52.704413126807346,13.467810339444856
7dc0bce1,52.526030346342,13.401643277352044
11bad64a,52.50089843437678,13.521984568104568
6c41d5ba,52.71224439370308,13.207921305281989
b0760c2e,52.51280587992787,13.496161873850069
c55e179c,52.61337379309171,13.743219224247666
bca25c0b,52.48025643823494,13.395464641321874
f346125b,52.46694168233519,13.373675716859212
a14169bc,52.57148177077104,13.306653962108516
59983e07,52.510164112481235,13.301246460117705
42eeab77,52.420230840537236,13.351235015673325
bca25c0b,52.480480325938636,13.396179864501073
cd1e8dcd,52.514328872303544,13.352396395316408
c55e179c,52.40950512083981,13.756881055864966
bca25c0b,52.48002385140624,13.395749279330474
c57a2627,52.5690160329639,13.399454913158598
f346125b,52.47351257022839,13.380388807025714
59c87433,52.442119592579544,13.398831273563545
bca25c0b,52.48017411760214,13.395384895444675
fc94fd1b,52.3808500508139,13.234727232384358
15772794,52.54497904835809,13.373485148764715
0f7c18ae,52.49290048757874,13.440219978997277
ab5916f7,52.49761542332196,13.424038888445512
59983e07,52.51214204080493,13.322969797592405
658fa265,52.33470204435325,13.494955297769962
0f7c18ae,52.49310655666824,13.439774732300776
59983e07,52.512331069266736,13.322930718880006
906c053c,52.47862657639862,13.470789216205155
79173589,52.48380449451405,13.422445998747428
ede80f3a,52.59774430974715,13.2640287447746
acf249bc,52.48721594750972,13.488283806211147
f15d9475,52.37390372830498,13.111315111957405
13569679,52.348027739563285,13.023859835836477
b0760c2e,52.51330464507607,13.512945210027569
107d2b75,52.4257070727306,13.20741461031302
099d0635,52.18703484550693,13.571564148806354
7ad83ed2,52.23532793251076,13.701757409786865
0f7c18ae,52.49308409316774,13.439854192742876
91f5f285,52.52879231042736,13.444151750802344
f15d9475,52.37501039203798,13.115078653504405
426b4b28,52.54370298900261,13.611350015605176
ec67bbb1,52.53159557190359,13.389232264118238
7b47de99,52.38738039101899,13.558530398191055
1066260c,52.530614723595725,13.465312513908144
c96e7981,52.540401679167324,13.488137924551811
55fb783d,52.51699903072273,13.434819683419711
43499105,52.49625294906017,13.474803011324367
d81c2285,52.46551850795019,13.532230789822776
9653385d,52.41340605198964,13.039969367739342
fd70a97d,52.592221354153104,13.304145630971066
61c4f0fc,52.31196392097196,13.71349007121742
f15d9475,52.375727731568084,13.115381548286605
f516495b,52.49709867038276,13.48178595700686
50e1f5b8,52.44775148587529,13.56625084247693
8e4312c8,52.710327212739806,13.375122874208518
45da1170,52.2845879144071,13.623138402627333
21c25b52,52.581926762295105,13.403269335402808
885e6655,52.44724052497991,13.414292040756104
8e06ba26,52.5459188085811,13.417563082310798
15772794,52.53419840716559,13.353394722102916
906c053c,52.48470667204452,13.472025585256455
475d292a,52.44012742767459,13.417873271439479
12d0f12e,52.55122990294143,13.44001106812795
ec67bbb1,52.531546492480686,13.38922351502154
475d292a,52.441315723828986,13.414122838295379
4aaba946,52.53668955083258,13.427444869900546
f15d9475,52.375184195244685,13.115448919820205
1b90e38c,52.53694295657699,13.275234542659494
15772794,52.54433547238439,13.374414377755414
885e6655,52.45755162977991,13.412798790546203
1066260c,52.52316522333303,13.476173197304544
68ece46d,52.343615011928115,13.104536024614449
c55e179c,52.42622848450011,13.621615075949066
bfa4193a,52.38997001789071,13.246617223229732
d701a829,52.34840930638559,13.020291391018878
f1f49e21,52.63186692906027,13.561754069932695
5391714b,52.46043818449274,13.569466897580511
afb17deb,52.4776283381819,13.604139751679831
69bbb9d8,52.461441080211245,13.697650591762729
7b47de99,52.40816755279389,13.190000579238655
8e4312c8,52.710573048764005,13.374948371286418
845b74e0,52.53792731885153,13.006850667191715
fd70a97d,52.592249443202405,13.304347017224066
5391714b,52.478175255522544,13.180007214951711
198ec5e2,52.51628183495342,13.47134542722618
9653385d,52.412840290633945,13.040205369440542
1a021e15,52.54695677498549,13.290331103923316
7c50b504,52.39854335532101,13.207788715688608
d2ffd133,52.43000176493244,13.58912975101185
d2ffd133,52.429967911659936,13.589335647383749
86e5d766,52.466677973443886,13.396618064595906
0376a8c1,52.459697316777515,13.276167642493958
94925004,52.59781923859376,12.862037637095657
a6ce44f4,52.55211409630756,13.3844951698999
87ff5ff0,52.59225565607254,13.62140077165517
e3000b1b,52.53174648405045,13.364346705940532
87ff5ff0,52.592346155462934,13.621309689894769
7faa0cf3,52.40369575669002,13.550455077646362
878c6efc,52.59363508931284,13.293337943226224
7faa0cf3,52.403849147989916,13.550474371839062
878c6efc,52.59380343983804,13.292302191451324
0376a8c1,52.54553735107621,13.347698552702857
b0a6d794,52.51600811561086,13.164480000561303
f4ec785e,52.430863136750595,13.170153169889051
d4f1df30,52.37974036723527,13.026925303756062
84c71608,52.489016298498406,13.490361276163203
87ea4500,52.58823440230411,13.496784702057713
87ff5ff0,52.59236124094604,13.62139747317297
6de2a7f1,52.43033009411798,13.224530976057236
7faa0cf3,52.403850228241815,13.550496530600062
37e0db0d,52.560240337892296,13.340647103924303
bbae4af0,52.507655146762524,13.34056359425652
41372e7e,52.539171646218755,13.411136562886233
3173aaa1,52.53921198431244,13.39243313569133
af9052f7,52.43419487137325,13.330573710936799
76ae9c68,52.4763251189873,13.506838974848852
41372e7e,52.53913497539236,13.410578663411133
9b07c23a,52.497812027979045,13.378839778090576
f33a55ac,52.45951566455648,13.274260780817558
69a425e7,52.66104731386307,13.307963958525939
61b0092e,52.49441893601223,13.365445769388856
99320f60,52.75894028870491,13.257447462831577
ea3c397e,52.61124367054815,13.340072155005082
a1fea283,52.5016688377964,13.362901382082905
d4f1df30,52.37972029257717,13.026651215522362
0e4530c0,52.428145848516536,13.563458791152812
76ae9c68,52.4767637439803,13.506674857184754
6d9581f6,52.55039435362067,13.402613873248931
9f1d4006,52.47214635140298,13.449266029887921
0aaae3bc,52.42235659937022,13.180167055478739
1f25e3bb,52.57431637478204,13.431226874637543
ea3c397e,52.61139027003455,13.339895632124282
c5e30a1c,52.58641306847326,13.967392203656987
7707e225,52.559763717036375,13.276811454549733
e0e39c55,52.54785066771653,13.693836088754415
11303866,52.499786526111826,13.43449771786737
878c6efc,52.593902933028744,13.293398460567124
f4ec785e,52.492283472506195,13.46557448112955
d5713d08,52.54140208839692,13.140518869653874
af9052f7,52.44417229544165,13.334713401526798
9abf9f2b,52.375518427453066,13.58263377529052
bda7975c,52.48347540276768,13.481947653328016
4328635c,52.489767650857935,13.425255609235421
f33a55ac,52.45932698299387,13.274766488141557
0ef879ca,52.48809236544917,13.32491277812589
11303866,52.37841177379783,13.61862252997877
69a425e7,52.661594861687675,13.30854432150154
ea3c397e,52.60757235504945,13.332627683884182
af9052f7,52.444296439241754,13.344233715471498
d4f1df30,52.37951870780597,13.026092394037862
060ac768,52.50696753422059,13.717029106095486
b1552d6a,52.439244184200355,13.261805279180367
4328635c,52.481913976068036,13.44423758230852
a998a728,52.521898001127354,13.309150557931007
0dc933c7,52.49218975398921,13.348990996635
a0ba2fe3,52.37475648403839,13.01520595119027
d07436ce,52.46631319783615,13.363813363245942
ea3c397e,52.61137522451835,13.339846346533582
af9052f7,52.44432888510775,13.344171716036799
45d600ee,52.518974108624285,13.620110408204813
d4f1df30,52.37968504667437,13.026831845535662
be50f157,52.540563769011534,13.410128627647492
b75fb901,52.5908435780431,13.337565570008511
3baaf7b9,52.63890038573326,13.235509276865848
0ef879ca,52.48807320672476,13.32490559607749
275927c1,52.504656737071734,13.12804504956282
6064433b,52.48889777294096,13.606856286692395
499f051c,52.76926926628013,13.25846479796222
060ac768,52.50700102900309,13.716717284126586
53d5b7ff,52.500535753941755,13.387607701186301
ded066fc,52.53998784595997,13.340787226873754
f4ec785e,52.492271475231995,13.465690193184852
61dde1b9,52.35983638019988,13.634752055970525
4531b501,52.59041281091644,13.405476131404376
8d0509e2,52.55843585573787,13.4177603944807
a1397555,52.42726346726828,13.224058609970053
b5c36c27,52.52820759832123,13.457262075608392
3baaf7b9,52.63872993558926,13.235332693469148
0b22e2ff,52.705060774149985,13.194788330091107
aaa1d2b1,52.571311806855185,12.937139213223958
a1fea283,52.502297861883896,13.363178119954805
4328635c,52.50582370610503,13.279680981726122
040917cc,52.48933303495472,13.405791920541278
a20b4b23,52.426702176576356,13.328318015054776
4f6be7aa,52.44573154566824,13.318609289702147
b3251ded,52.47303941878403,13.52635344334951
0ef879ca,52.487744393885265,13.32486012258979
aaa1d2b1,52.54655365654028,13.163138429372259
3519ef8e,52.50237464430066,13.316661998050122
f5bf2310,52.3150535989334,13.626387142257547
a3daddef,52.508815651337926,13.450633341489157
4f6be7aa,52.466625699036236,13.125933475171847
d4f1df30,52.37980071693817,13.027106017588462
faead01a,52.4738158339603,13.406272898526277
e6349181,52.64806140034725,13.304118039192138
6064433b,52.48926367616146,13.606962365936395
8ea3d2a6,52.485285897101896,13.467191175246079
be50f157,52.54065876988284,13.409981115920392
499f051c,52.394912868740136,13.37309010421522
64b217f5,52.55245786065213,13.462722715435225
6064433b,52.48903439301426,13.606901348921895
e3000b1b,52.574990877404254,13.536998867239031
f4ec785e,52.492368215452,13.46636691784745
2e166819,52.345892841200516,13.017970050846737
a79bf9d8,52.62956197923239,13.338131187330996
89c8ec27,52.45597140447547,13.297604851337772
f9ff1f3e,52.48833178891185,13.494023422846217
46ed64a9,52.52863210161212,13.437581263167502
65a02ac3,52.49097334349756,13.392679124993233
65a02ac3,52.40720968133496,13.169453354721533
f9ff1f3e,52.48713989029645,13.493044105646717
ec229d41,52.284447386161546,13.253029857843547
f9ff1f3e,52.487053254928654,13.492893942634618
780671c8,52.47442910999218,13.439758248546962
874ead7d,52.535185671875006,13.475454133380612
f9ff1f3e,52.48787702664055,13.493295507435617
5be6296c,52.50922493583051,13.338342199010972
0f325250,52.60040682628166,13.969025816186385
42533bf4,52.59071070934121,13.414980600697197
2371a06c,52.693716074806396,13.271916252848948
dd3f7753,52.48922599339332,13.444960550463518
5be6296c,52.50329188948961,13.385201899243771
0f325250,52.60041878763796,13.968971141934784
5be6296c,52.50929534381721,13.338158383874472
df15a4b9,52.499292420469345,13.522854461438794
cf8385de,52.60223031811082,12.999788433174249
5be6296c,52.45994181784331,13.228424016295172
61c85bee,52.37559481490569,13.035752383865143
61c85bee,52.37562603063809,13.035804737567844
42533bf4,52.58599890629231,13.401047614512198
d1ca2aec,52.40909833562904,13.564885992374057
1e202e8f,52.51675399654688,13.384196870619755
11dd6072,52.40339417958022,13.247127435337738
65880f71,52.37970972264314,12.88902048969013
08d31a66,52.60485199240213,13.259593854038474
5be6296c,52.52322744990231,13.301687717346672
a11d0000,52.76072237768185,13.308136321354457
5160e6b1,52.53070729711817,13.316969433708605
65880f71,52.37967951792804,12.88954552517843
1e6503d8,52.58898845922784,13.328599412997706
1d0642f4,52.49716801123397,13.309759567754586
5be6296c,52.50915507266761,13.338747044934172
2f1f8a88,52.41868746510882,13.301244163905121
f75b937d,52.50271015636834,13.430868148394643
4ea7ac9d,52.38732355062256,13.244424453309689
5be6296c,52.50923164135311,13.338575299738272
ef5182fe,52.409905841455135,13.514792524638013
c319cfe1,52.45241215848155,13.424938942975906
7e02691d,52.47805606375925,13.717133224579287
1e6503d8,52.58900868916804,13.328779635248907
61c85bee,52.37567102394649,13.035797747809642
1e49f95f,52.61679717055197,13.550226300007132
f75b937d,52.50148690232364,13.432910179704143
c31f6986,52.61606310197368,13.490870450511105
b64d6624,52.40350990771154,13.38837393318678
6d5b2e60,52.4724483511148,13.459099073576985
11dd6072,52.67742872720002,13.517057825979139
b583d5c6,52.54236978263442,13.137553480532825
46ed64a9,52.40795087193172,13.758797421849602
5160e6b1,52.53060057917127,13.315198103609806
1e49f95f,52.616714372865665,13.550160489370532
1e49f95f,52.616680891453264,13.550156631964532
65880f71,52.37966067467174,12.889222812276131
ab940fef,52.37893256084633,13.185419193467572
90a413fe,52.44989968113825,13.181428189768328
1e49f95f,52.616647487812564,13.549778038979232
f46f939c,52.489612163394476,13.461442081701968
f57ee4c0,52.54554274684502,13.411494010186415
f06e9b7a,52.48787199347815,13.420399868791982
0abba4d7,52.60581041522061,13.340813309312669
2a18c3f1,52.56675864772167,13.330949815547612
6c8e24c2,52.56920639629968,13.384513735039269
988e1505,52.48931784982764,13.359609857861699
38363920,52.51784478276736,13.581605233222637
7c80d757,52.5239963453075,13.370391104418557
c7cfa825,52.43463582068091,13.740515246710302
988e1505,52.44353556865704,13.761742547540198
412ad0d7,52.461971703745164,13.32736606150697
b583d5c6,52.54243769420432,13.137612082411126
82e614df,52.519641417325225,13.420841534818976
8b1f57f6,52.36631667689905,13.774289325252733
1e6503d8,52.55928837890474,13.376430812212906
a79d80f6,52.49400208325086,13.500686337401845
43e34c9a,52.54062789949167,13.134531204536716
6c8e24c2,52.56928783056938,13.384014874525068
90a413fe,52.45111145287975,13.179967559321629
61c85bee,52.37560069986169,13.035851322644643
5160e6b1,52.530491115930076,13.315798827140705
7c80d757,52.5680324338189,13.406083092141756
8a4f2e13,52.47953733945035,13.353812924345407
6c8e24c2,52.56932115073708,13.384174739562868
8a4f2e13,52.47890640624526,13.356533262135107
6fd9c33c,52.48902599694978,13.192263016018739
25befdce,52.395232678751825,13.323363580805793
c4a64bba,52.51320726367345,13.40305237461952
e68c44e5,52.469574010582726,13.374458968957514
1e6503d8,52.65149024653934,13.234257648386306
34416240,52.50597436676536,13.308761851733454
a79d80f6,52.49383900750367,13.498917166454746
61c85bee,52.37570243616979,13.035853971288743
2e647049,52.37256741043664,13.13709860438327
7c80d757,52.5302488259783,13.297164702836156
5160e6b1,52.530484265271376,13.314759928040106
f57ee4c0,52.54541988453752,13.411835014457814
b64d6624,52.403465667330636,13.388560451348482
38363920,52.51777433287116,13.581784941226639
46ed64a9,52.46672553946612,13.4249051232416
247157b6,52.50609141398036,13.511630949113474
4b73b778,52.501754677427066,13.305574119792555
0abba4d7,52.54017148002711,13.457838507727768
e3ecca97,52.2684397209146,13.918246856721554
0993dd6c,52.51283437577725,13.070579039266057
25befdce,52.39535923925102,13.323058400076192
5160e6b1,52.392761196239675,13.148559317116206
6fd9c33c,52.489058476824574,13.192127229187339
fe96e304,52.52020175826525,13.460453529056993
a75a3bcd,52.54950375239077,13.48452654278166
c5f84b14,52.555648242729006,13.208514925554274
ac0c415a,52.50900148218982,13.499762805800701
dcd988c4,52.53270381471496,13.578592948400244
a2cac509,52.499898702422655,13.46797239666919
988e1505,52.41503799484944,13.535639283207498
b3a08c02,52.553393649913744,13.427829913556524
2def62f9,52.50762294784582,13.342786208128445
6c8e24c2,52.56923595884368,13.384791659758267
b583d5c6,52.542425368271815,13.137329280026925
099ef441,52.38980822047078,13.199250305430178
02d4e8a6,52.43849829911861,13.7407019355488
7519e688,52.5981186298134,13.515307819438794
90f69744,52.38042465177731,13.100309282776072
90f69744,52.38774824479651,13.138444462145872
90f69744,52.39383381379281,13.138565427514171
90f69744,52.35455978091671,13.002681579728872
634ccd97,52.4245601747727,13.73403776337259
52159d75,52.35548980542629,13.396374066383823
634ccd97,52.4248235760799,13.73403684136319
e05755a1,52.4363858892081,13.493633326350196
fe21cdee,52.52552707473081,13.616110061010525
c382d534,52.481768342107664,13.458027032443017
099ef441,52.38736625241538,13.196357803762679
77d2fadf,52.474448196513386,13.302193263034846
1ac26360,52.463649228190334,13.768490837622567
95ad9a61,52.49691544729901,13.365455641421844
fe21cdee,52.530499672848315,13.605396294542524
77d2fadf,52.47433989722179,13.302432149426146
0a90fc1d,52.483107438838275,13.307260559901673
fe21cdee,52.53054915014921,13.604941475694725
88a45a36,52.529285359383806,13.407768346792738
1bc047ce,52.47860154903557,13.404126435241821
87862e48,52.55381623413349,13.369347338387408
c31454c4,52.54914113082315,13.078091387701152
f39849bb,52.549302825492134,13.38092807606049
9aa5c21b,52.534918153760906,13.439212900733537
df99fffa,52.315832168621235,13.673599056358944
c31454c4,52.54259424784095,13.06580664256535
7519e688,52.5964411968254,13.513562163890194
ce282af3,52.52693038938608,13.437357698374752
e44c8605,52.31141119623316,13.618499629735794
2c7427a8,52.437651114035944,13.27781022016782
7519e688,52.616621337548004,13.492182291415494
98111c15,52.700415659428074,13.291393123328522
ebd745ef,52.51036542747717,13.425344217406742
77d2fadf,52.47465922540939,13.302288748501047
08bf6b6d,52.534927958267794,13.4245115350752
63f5c3c6,52.51893979248211,13.396256180812875
78759a9a,52.57896565615497,13.354193759764973
17e25ae3,52.41772704726645,13.196841357707285
17e25ae3,52.55798358535365,13.101944688349285
c903db4a,52.53859830280928,13.485440795024788
17e25ae3,52.41762066781395,13.196811773495986
7519e688,52.6103359872921,13.499575491664494
e05755a1,52.3887598193907,13.612552863109196
08bf6b6d,52.532929032258195,13.4804341038447
ba2ff96f,52.378043027032454,13.028678848406537
f66c857a,52.47393608174929,13.45084697866061
f1a884d6,52.566333807684494,13.427719087038271
173e97a0,52.484502852595966,13.286261299103137
cc03c1c7,52.522474124604365,13.460705228809461
1bc047ce,52.471850750481565,13.42419290765512
4d3eabfa,52.54646744809782,13.077035454216066
b095ad53,52.50771931380212,13.464088558517473
de3a1db8,52.49937858742836,13.465531774018636
79f8d885,52.67202952919117,13.512061622510904
fcc59434,52.46867408313134,13.431240531928408
81145055,52.54284450130596,13.39239821308514
c4107dcd,52.524741975306114,13.400664990721296
af60d93d,52.51792323128087,13.407830320526335
30749318,52.45467364914511,13.326382983312936
0c86409e,52.43819528340776,13.369202323569652
48327854,52.44025720867216,13.371425990929177
0c86409e,52.53468266369796,13.415502909572252
73e56cc2,52.544625342449876,13.417764570391544
cc03c1c7,52.52883540237837,13.463855483297461
2c7427a8,52.43762827334974,13.277560271815322
98111c15,52.62283104538217,13.506640396773923
d09103eb,52.53610679327421,13.406939543218314
73e56cc2,52.54377512832828,13.419651907687044
1ab6b423,52.4642672738196,13.438573848713368
1f8c082f,52.513689373242826,13.420485175376488
1c1ddd7b,52.509901644254434,13.273397046470809
1ab6b423,52.3579777219192,13.200247048779568
1bc047ce,52.47695035513597,13.404305917291621
87bda15d,52.416508672919456,13.230829255457811
c02c4e07,52.471409307129974,13.335278556006774
98111c15,52.59009673792157,13.414641298115223
f66c857a,52.47164107475139,13.449089796479711
98111c15,52.62776199328937,13.304705764859822
173e97a0,52.48382488652026,13.287233771000936
fe21cdee,52.52570999152422,13.616171720757325
c51091b7,52.472991555506766,13.508217405476728
94414271,52.77196168606212,13.283943457614695
605d705f,52.47717755152978,13.311299270449105
63f5c3c6,52.518927262078805,13.396316749739475
dd26dd12,52.4091580249922,13.317316495788884
6fb07725,52.34494993725518,13.421515242907581
4c1687c0,52.46955047408761,13.40960278225196
2d64156c,52.589617725955655,13.46590947826611
f39849bb,52.54949013246094,13.38190361305449
4c1687c0,52.47503307653161,13.412178709469561
38eb8e35,52.41402839481013,13.478321491013935
b3fd3285,52.43311132280177,13.61764188243617
a65a929d,52.49043906375465,13.32094628441993
77d2fadf,52.484120074221686,13.333993059762047
08bf6b6d,52.535205389655694,13.4248454918816
cb7bfb1b,52.48971601542686,13.723755841280964
5b231e2f,52.2873527821556,13.022242345938503
173e97a0,52.48210804639226,13.287533924401137
3e31fe5f,52.42145031240312,13.536378269752664
5c9fa402,52.358104023067526,13.408051098842703
605d705f,52.47660645704908,13.310596896382805
10e3dc19,52.45952552137456,13.475603799534005
48327854,52.44054801880276,13.371529088338178
54362a26,52.430531950327925,13.739755653749139
099ef441,52.387561843379686,13.196354917346978
54e9fdaf,52.45133114973669,13.60549156431953
d38442d7,52.50819649434549,13.321966183691671
cddf9dc2,52.59073705650051,13.422904965432311
52735d9b,52.537362000317565,13.394006960339896
33601a5b,52.5057576041125,13.334522818315277
87862e48,52.56308522235479,13.368598210196108
d09103eb,52.69226361420941,13.525322952993115
069b8ecb,52.42429510688834,13.262722016973026
b4a7c7d0,52.39942777758628,13.614451746999054
1b57d791,52.60246998549748,13.407810683403651
37bf2a21,52.49244685126554,13.755903767444655
acf2d70a,52.41763602797145,13.409255832821334
22d6789d,52.48582120083273,13.46908295314503
acf2d70a,52.41875094882545,13.407322915270534
b52d2a9e,52.260144390696446,13.017987519185679
acf2d70a,52.41650046413425,13.411528511347033
22d6789d,52.48647030761583,13.46814450032303
ca1f628e,52.39073842566647,13.834876263258563
3f106bb2,52.52530552016736,13.42689849217213
acf2d70a,52.430340762255746,13.439284487653333
423d8ce0,52.52258208192831,13.446937507002868
423d8ce0,52.55537921366441,13.244667679944467
c12364f2,52.507316485054886,13.458777303117538
423d8ce0,52.52006125712121,13.432816955267768
423d8ce0,52.448682310816814,13.361162663444167
55016d41,52.460351412768674,13.35642835918176
a85be0e6,52.46784412651592,13.266653898203582
c12364f2,52.50757416236609,13.459982077349839
af7abb98,52.50693867811373,13.43847729515679
af7abb98,52.50600350917693,13.438303454484991
0eb84cc2,52.400285568206726,12.88260942523248
e05db62c,52.68030753715771,13.530625804331322
c2b570ef,52.547511246507,13.606562333004835
55016d41,52.46035375414837,13.356452238840959
754db1f1,52.54602175864417,13.426011254878148
32480d82,52.49329515840745,13.312681324243785
0eb84cc2,52.39908188500183,12.881354738146682
cb905f93,52.432529386777276,13.332054255864033
fd173f7d,52.51080114392842,13.493886853068341
10cf7b99,52.48364294464857,13.40994989109459
28b25a5c,52.547428039360916,13.434120021317568
b0a584a2,52.40508227916127,13.118806584423771
5ee59d7d,52.39675762225771,13.229910644964704
10cf7b99,52.53538418712897,13.437814627956788
6e28ec74,52.518095678313614,13.418028602888954
6e28ec74,52.51540447537561,13.402515181778854
28b25a5c,52.54766637367021,13.434997563835367
60da2417,52.47529246979135,13.626288209804674
8a235119,52.511274264028266,13.524859824680922
cb905f93,52.42594779067838,13.333155051207534
37bf2a21,52.49243218678074,13.756153718676755
eea62856,52.51585836201478,13.464177542451845
d02749bf,52.49767457241846,13.523167543122096
95d34e5d,52.52931007368352,13.587552307271565
c2b570ef,52.5475133879749,13.606682257106934
af7abb98,52.50942961209823,13.435822578784292
eb13202c,52.45008823652285,13.593535609482068
c39bbff0,52.37562510698679,13.13201200028125
45cb751e,52.40914563809177,13.38804920722358
6e28ec74,52.51792732435661,13.417640113058555
d02749bf,52.49741491360176,13.522889123093496
10cf7b99,52.472513880616475,13.42080270701799
10cf7b99,52.47338283812447,13.42346309822389
5ff19f36,52.41513101958413,13.55532928793963
6e28ec74,52.45529585263501,13.443822518250656
eea62856,52.60693458645018,13.278394984168344
2648957a,52.5221363765267,13.678096279886926
eb13202c,52.45025952183185,13.593603234156669
b52d2a9e,52.41479387423964,13.172021107087179
c2b570ef,52.547526702500505,13.606432567931133
526577c2,52.528498178099134,13.45804133827906
28b25a5c,52.54732980475061,13.433856045946968
60da2417,52.49383571226825,13.632164259204073
8a235119,52.51145860334007,13.525201611901423
cb905f93,52.42608894192778,13.332729921078734
55016d41,52.46107276418377,13.35745439405066
587aa777,52.43164309353756,13.471122429306092
10cf7b99,52.473213138784374,13.422939421588088
1c9ea316,52.51792230251404,13.185866519398065
5f52d32c,52.44995164211077,13.341260769066011
2648957a,52.522490374249905,13.678402039977625
5cb97de5,52.60587276238201,13.275040721516401
a3c6b831,52.51679182890204,13.51738317494241
8d166914,52.487925978207755,13.424190268009294
587aa777,52.42117426253966,13.465911987760192
5b169d9e,52.52886495915153,13.205798245368369
cec00b46,52.53120704631699,13.81797152839898
fd173f7d,52.51078417954781,13.493018826682942
c045fa01,52.49003638513833,13.336997504620134
69fd7e6f,52.560006606828004,13.433432087185825
b6fffdd2,52.46660139413613,13.498539984777365
e16cd3ea,52.46950364590058,13.34657076352149
29f9cb53,52.379846239752574,13.127977627628054
8f911b5c,52.51390841881526,13.520646556023026
ca310b20,52.280999147512475,13.733193818850621
9c223408,52.49498778860412,13.76870373859041
f52fcac0,52.4716046719427,13.5296357761287
771e16c4,52.52474652734185,13.43655305459536
3e8f1114,52.49568637949388,13.35874064337772
771e16c4,52.52998744041225,13.438218834809758
587aa777,52.420996950634155,13.466344082293093
771e16c4,52.52313004717585,13.439080628925758
e707e231,52.43763527401514,13.506136038967817
a17de6c0,52.49724238601306,13.371312688109038
263ec673,52.31345175107104,13.439021566797814
b6fffdd2,52.47000458220993,13.502547984904366
f38e2495,52.302741496248224,13.650496273870266
74334c92,52.51186053734887,13.42251992692266
60da2417,52.47668080632315,13.620281067439773
74334c92,52.633561982734676,13.33027719541306
d84fbd65,52.563080590942796,13.456867177659788
2648957a,52.522475239891506,13.678364073328225
c2b570ef,52.5473581464043,13.606321916137935
8b6059e7,52.57087966246048,13.421114429163568
a3c6b831,52.516830888570844,13.51754989099651
771e16c4,52.527567344988945,13.43916082972916
ca310b20,52.28105323953727,13.733093362470521
5ee59d7d,52.38135231993031,13.131661249386704
5dae9d1b,52.388469126245056,13.031973837177894
7f448e43,52.64972959549166,13.367689006366291
b8f7a0b4,52.539441972631906,13.38460317095348
fd37cb28,52.47321450175863,13.39952145222659
8d07b92b,52.54146817665142,13.407164158603077
30b6d8a9,52.581418115934696,13.271131232670037
4038dca6,52.51473594262593,13.394731899959543
6e96c53f,52.57976934084048,13.242059520159751
8f60eb35,52.43793580395893,13.273025947597693
eea62856,52.51583507862398,13.464172112074845
8f911b5c,52.51380284052636,13.519724611826724
6dedc032,52.54555288825528,13.377693611132898
e798a7a0,52.486433157886424,13.494909341376005
0e380a6f,52.582665409712156,13.26502326043866
69fd7e6f,52.55994965086221,13.433400724835625
851bb6f4,52.4805340964229,13.46373729136388
c2b570ef,52.547312864064004,13.606395176860634
8f911b5c,52.60611242905866,13.506478791343525
53bfd60d,52.324415259785575,13.430333887067237
cb905f93,52.405460952494074,13.324702069497134
272fc0f6,52.484669029395015,13.243353609058047
bce19295,52.47869342743193,13.473774380480133
c1523e10,52.416914689781294,13.019607890306158
96628832,52.39369212965775,13.575833605916719
30b6d8a9,52.51223279348879,13.484461368705537
74334c92,52.511907553614776,13.42198521493146
5400d2e1,52.49753973249301,13.41525470086382
e798a7a0,52.395704546201024,13.317604931931504
e177d8fd,52.51056848497152,13.366548267996397
84b8f872,52.54204087706344,13.354555662053352
fd173f7d,52.468684544665216,13.456697848286941
8a235119,52.511212967808966,13.525155349656123
f52fcac0,52.4465293588262,13.245038067170201
08be77ed,52.45037085554215,13.604489527171927
af7abb98,52.509621641499926,13.435987199362591
f53bcfc3,52.397671102169795,13.561934872103853
9a8f8d04,52.45858282456908,13.268797118470832
ebeec208,52.56161941853546,13.8862885016852
48d59e0f,52.47990598852134,13.464823229385303
148d8502,52.575435521279594,13.524568155604674
a6b88620,52.51896834280091,13.199076876045142
fb557c62,52.59011459793378,13.28559699225868
f52fcac0,52.6243446169676,13.2347266773586
60da2417,52.47676927731115,13.620314678871473
b5fbf141,52.475943835118215,13.09414210594652
b6fffdd2,52.46993386588163,13.502687632033066
62edebf1,52.39284930516478,13.958714928680424
62edebf1,52.525554314295384,13.436151940303423
e09db997,52.34808557850644,12.991310605064015
62edebf1,52.39269231135728,13.958998740841924
8009f0ce,52.34926445083993,13.00560495912012
e09db997,52.34801636662864,12.991185641536315
4175592e,52.439683156564044,13.525374499740815
1c9e20c6,52.6868403868239,13.553430215515712
60917497,52.52107959540084,13.545431635446507
60917497,52.52113114978464,13.545323870989906
b139342e,52.43264076613384,13.393031747551285
9c46e010,52.60285040125052,13.849187763970093
0f4deef8,52.46561628841355,13.331802222148399
96185843,52.481800497928255,13.429610303682932
b92908dc,52.46604532512245,13.379630679883107
8a99e0ca,52.502329106772414,13.515890530160606
2e105c50,52.36562293820343,13.05571639323804
f2dcede1,52.326970652965905,13.230041520259778
85c9bc85,52.53523679738234,13.35942850301548
b5565b15,52.44669622509792,13.402403508979521
2e105c50,52.40110603787253,13.114525821130538
0fb7501c,52.524504606612076,13.325049788908707
9fa0d465,52.553128610511315,13.432499121915873
880733e5,52.312882416534904,13.638722308899776
8407d58d,52.333930142212765,13.289773656140406
68588521,52.513779142885696,13.35983169060361
cc1e865e,52.24514032163101,13.63890230673331
524c6df0,52.51687993839119,13.49625283504629
de2493ab,52.54503849030371,13.400573376321455
2e105c50,52.40088881695263,13.114956775399639
b139342e,52.39423339958064,13.014199767182685
1671cd34,52.29079357591838,13.438301954860824
69e54b62,52.559300621903056,13.431209251727644
c5afb953,52.53122367479883,13.393268810130994
85cd7f42,52.49983199548359,13.352722797740034
c6d9c62a,52.47786617178348,13.600806143242409
2b5f7eec,52.41412444460527,13.260483104542644
189315b3,52.587146737439454,13.029883894593588
9ae12149,52.51444429103522,13.333157274101668
b337eac1,52.585554977259015,13.416778644271432
7502dbdc,52.55031112359027,13.442069614557804
d27feb08,52.548041766455974,13.393479091136962
074336cb,52.621800165173205,13.189245970810868
11b048c6,52.55729613907714,13.426727727330666
96ce70a6,52.382847260505315,13.54094610205957
cc1e865e,52.63081970439461,13.72530749383691
2e105c50,52.40107724670323,13.114688351862139
1e0d91de,52.60634030799107,13.407699391298506
775ffc65,52.40071091296243,13.141158891065743
b5565b15,52.55024818471702,13.371173543590722
cc1e865e,52.46220262848611,13.43682436963051
2e1d1154,52.322206011277366,13.405060621281022
2d81c654,52.34418336063343,13.069389581610324
cca45ebd,52.51320587691608,13.514632065075078
c6d9c62a,52.477497687776186,13.599707067783209
50243ed7,52.546250137522975,13.40707337068261
361a03f3,52.49661032127195,13.449619313310352
b92908dc,52.49268816827205,13.443148239202907
021eb17d,52.578355226757566,13.599944307371015
2edb63bc,52.52140066850579,13.419785297132503
7ef4ebd9,52.388230425266656,13.023564427423775
bdfe6a32,52.500641163777416,13.32119963823582
775e40f8,52.522646217939936,13.424801003308446
f654c894,52.441530811407404,13.292973281686072
1e0d91de,52.606407237487865,13.407504176773607
49475b76,52.46432787222216,13.462875847901076
ed15b6c5,52.415719121877665,13.230173252296655
e5c661b4,52.515514574796285,13.46172682011208
e841aa9f,52.444052263676674,13.57495466709342
64c317f7,52.735969291562945,13.391492346125002
c306f09b,52.37562539243303,13.017579798495177
48475262,52.616504806137094,13.372040212603398
ea9efe6c,52.396245869486734,12.990985928733654
b337eac1,52.58541644070751,13.416729681292832
775ffc65,52.34987282620833,13.021171276612742
6d01c04b,52.61547395878224,13.21012713413924
348f7de0,52.480190215913865,13.404043114708841
66e2931f,52.41147215314425,13.39138657264796
e9513875,52.52420693540344,13.449770921825216
788736a9,52.27316609082819,12.850211294870554
52de6472,52.40881456161999,13.289309715627928
880733e5,52.312896733692305,13.639185312702377
1caf7e5b,52.33583928365835,13.041247631874235
189315b3,52.58725942211435,13.029825230700188
6415d5b8,52.39735036443454,13.767522076778153
c9a7998c,52.500649847995,13.496323747864729
fb4c756d,52.47078325280488,13.633303635059141
a4561605,52.49596875966984,13.509411521435029
0f4deef8,52.37955516769235,13.35015341235
b0bbde91,52.4048245082412,13.0610321893515
0a290c13,52.46269851830214,13.326092187113005
dfad329b,52.552859106351626,13.450926255827381
775e40f8,52.64100889665724,13.403133203329245
e17a969a,52.64377851562728,13.300785560975617
93a0afa1,52.49764481178249,13.435909542902323
bc0605a9,52.409271868801476,13.033961416575602
0857d9b1,52.44094452058536,13.322489988201136
671696ce,52.5137097799563,13.301593694549293
f42a40c5,52.52209156412035,13.131600726556009
bbc770be,52.56332914557239,13.439260119010045
05941adb,52.541067120502944,13.443855995306668
860cf8d6,52.43236784025768,13.073535278775198
fe3a8647,52.48667480911691,13.467100000502025
8e3d3fbd,52.38498048602093,13.060770886925459
348f7de0,52.48035574289566,13.403522078966741
a1e68cf0,52.74962925053667,13.455118734693883
8e3d3fbd,52.40491407668643,13.080722582501759
8e921803,52.429920236613384,13.208757450098823
fe3a8647,52.485256224449614,13.468536076990125
dd6793ae,52.42414167096538,13.494150726136386
ed15b6c5,52.415917144340064,13.230085158494356
a4561605,52.550196990980744,13.399442125290728
00f34ad2,52.492600397773636,13.174133705215391
bdfe6a32,52.50177691403462,13.32687754820702
71aadee9,52.442077712348826,13.525221283129374
65721ddf,52.355981682781696,13.107713776331002
fd24e766,52.673811743775644,13.573923666351499
0f7fd6a5,52.60007708133295,13.214982913606166
671696ce,52.6372652353132,13.511489625733793
adc7e85d,52.48325016168404,13.32610807148232
0f10ff24,52.26521422224111,13.391718295228777
be763945,52.505043293179696,13.720287741442759
a905f16f,52.42107810361617,13.489089530440966
a905f16f,52.505875452834566,13.483645864174866
00aa4412,52.50670673223271,13.299529583965313
efa8b9f4,52.515564284411276,13.345234569338016
efa8b9f4,52.437662460262175,13.283356881820216
ff9d8a4b,52.49179156890997,13.243617907809242
15dc20ea,52.57510936353032,13.427939027346271
efa8b9f4,52.51545795189548,13.346086936251917
00aa4412,52.507931716522904,13.337926978407113
85ac0184,52.414250160724244,13.141116894477138
856250c6,52.577774026972115,13.380102325091869
856250c6,52.45591501546751,13.60906528988717
3f332270,52.55298667549451,13.424304113829413
856250c6,52.57705787728411,13.37888331913887
7ee8c294,52.28491639285147,13.262103597354486
ddc8b521,52.60070433778793,13.460950568433896
13855446,52.45458510561597,13.341825191302682
13855446,52.53002152764807,13.384808983838182
f50fbd8b,52.52580430968702,13.29770718189187
e99236ab,52.568740194936765,13.229644494276581
f50fbd8b,52.59492439218742,13.40714876461437
efa8b9f4,52.433751982558576,13.287763795581217
15dc20ea,52.57586308604203,13.427673712185571
c9934d24,52.55790422496739,13.425658436137171
c9934d24,52.55767489609669,13.425863457488772
9a39b397,52.50230065039407,13.402900303439905
856250c6,52.577657720571814,13.37968520594337
1c2f4efd,52.537434234936924,13.594040952508522
efa8b9f4,52.43350067821848,13.288075813856217
16961932,52.559254712688876,13.366927425716648
f3b5ec42,52.447278106059365,13.298468111684945
223baeb9,52.56943847459716,13.589212839104047
3307dfbd,52.473429146133064,13.52963231469382
9491b8ef,52.48647202721602,13.333595217152256
61f78a44,52.488029769694556,13.325040130821113
aa5ac82a,52.38975352830343,13.39958016725389
61da4395,52.52064302902115,13.278437646123542
5a94adfb,52.54951571731703,13.419226032770114
d7bd12f5,52.49795978414343,13.499041339413262
31f59f1b,52.563102227756,13.481860919776786
3307dfbd,52.49797517238527,13.27746636199622
4dd147e1,52.413989313411044,13.231700984783316
e03b5ca8,52.507473050946004,13.349958185448658
b3691ece,52.503542051001624,13.570011937832609
856250c6,52.58038420925821,13.38661879503727
3307dfbd,52.47326762685887,13.52960540878472
a4f3164b,52.46748222172282,13.61366722564755
61da4395,52.52197093189725,13.293300763832443
e53a6809,52.62499117579611,13.238157984666827
8d737843,52.486942276869414,13.03233515009449
3f332270,52.55306941511261,13.423215748285113
d92c7bd9,52.517737769831214,13.411318704509702
42fc98f9,52.68176132629251,13.608236230536516
676c3d82,52.51661926878378,13.470550652488582
d5849f53,52.5115838962573,13.466019855807195
dc62d050,52.57531446969969,13.430401182336368
975a7f70,52.35301887576837,13.100987464541875
308deb52,52.594978973249,13.345072648959572
a4f3164b,52.46726189510812,13.613498627157549
96bdfbc8,52.573302205656354,13.3388416501373
cbaa400f,52.61428685347752,13.29810154996323
61da4395,52.52193700660225,13.292645727783043
2b1242db,52.62842348308613,13.382347105658388
a912cad3,52.498217959783716,13.456782376500298
50db66ec,52.510225086509685,13.684402288380138
c867b3f2,52.5433201563208,13.417684086104467
9bb8ba9f,52.294587032735,13.64482764984912
a905f16f,52.479891195004164,13.483597449449666
e53a6809,52.625346102911706,13.234812402167826
91f4df8a,52.31186459846841,13.467504588518741
45662472,52.44964704011227,13.604388477786788
346b21c5,52.53166269353985,13.431690835344694
9bb8ba9f,52.294729860365,13.644706447529218
a4f3164b,52.46731157662452,13.613634353068749
975a7f70,52.35323979585107,13.100361655970675
